[" Артем","Абзелиловский район","Азнакаевский район","Актанышский район","Аларский район","Альшеевский район","Анадырский район","Анадырь","Ангарск","Ангарский район","Анивский район","Ачинск","Бакчарский район","Балаганский район","Балейский район","Балтасинский район","Балтачевский район","Барабинский район","Барнаул","Баяндаевский район","Бейский район","Белебеевский район","Борский район","Боханский район","Буинский район","Бураевский район","Вихоревка","Владивосток","Гудермесский район","Дальнегорск","Дюртюлинский район","Екатеринбург","Елизовский район","Закаменский район","Заларинский район","Ижморский район","Иланский район","Иркутск","Иркутская область","Иркутский район","Исетский район","Кавалеровский район","Каменск-Уральский","Канск","Карасукский район","Кармаскалинский район","Качугский район","Кемерово","Киренский район","Кировский р-н","Киселевск","Колпашевский район","Константиновский район","Крапивинский район","Краснозерский район","Красночикойский район","Красноярск","Куйбышевский район","Куйтунский район","Кукморский район","Кунгур","Купинский район","Курумканский район","Магадан","Макаровский район","Мамско-Чуйский район","Мариинский район","Мелеузовский район","Москва","Мошковский район","Муромский район","Назарово","Находка","Невельск","Нижневартовск","Нязепетровский район","Октябрьский район","Олекминский район","Омутинский район","Осинники","Острогожский район","Партизанский район","Первоуральск","Пожарский район","Приволжский район","РФ","Рассказово","Рыбинский район","Сарапул","Свердловская область","Селемджинский район","Сергиевский район","Славгород","Сорск","Спасский район","Стерлибашевский район","Суздальский район","Тасеевский район","Татарский район","Томаринский район","Тула","Тулунский район","Тунгиро-Олекминский район","Турочакский район","Тюмень","Углегорск","Улан-Удэ","Урай","Усолье-Сибирское","Усольский район","Усть-Илимский район","Усть-Канский район","Усть-Таркский район","Хабаровск","Ханкайский район","Хилокский район","Хоринский район","Чановский район","Чебулинский район","Черемхово","Черемховский район","Чистоозерный район","Чита","Чунский район","Шаранский район","Шилкинский район","Югорск","Южно-Сахалинск","Юрьев-Польский район","Якутск"]